origin,destination
/developer-tools/sandbox-and-sample-data,https://app.gitbook.com/o/jhFodLh6YFJJYK6Lv9wE/s/Y29EC5e3Uuwd4ZW92HJy/
/developer-tools/sandbox-and-sample-data/2n-intercoms-sample-data,https://app.gitbook.com/o/jhFodLh6YFJJYK6Lv9wE/s/Y29EC5e3Uuwd4ZW92HJy/2n-intercom-systems/2n-intercoms-sample-data
/developer-tools/sandbox-and-sample-data/4suites-locks-sample-data,https://app.gitbook.com/o/jhFodLh6YFJJYK6Lv9wE/s/Y29EC5e3Uuwd4ZW92HJy/4suites-locks/4suites-locks-sample-data
/developer-tools/sandbox-and-sample-data/sandbox-akiles-locks,https://app.gitbook.com/o/jhFodLh6YFJJYK6Lv9wE/s/Y29EC5e3Uuwd4ZW92HJy/akiles-locks/sandbox-akiles-locks
/developer-tools/sandbox-and-sample-data/sandbox-assa-abloy-vingcard-credential-services,https://app.gitbook.com/o/jhFodLh6YFJJYK6Lv9wE/s/Y29EC5e3Uuwd4ZW92HJy/assa-abloy-vingcard-credential-services/sandbox-assa-abloy-vingcard-credential-services
/developer-tools/sandbox-and-sample-data/assa-abloy-visionline-access-management-system-sample-data,https://app.gitbook.com/o/jhFodLh6YFJJYK6Lv9wE/s/Y29EC5e3Uuwd4ZW92HJy/assa-abloy-visionline-access-control-system/assa-abloy-visionline-access-management-system-sample-data
/developer-tools/sandbox-and-sample-data/sandbox-assa-abloy-vostio-access-control-system,https://app.gitbook.com/o/jhFodLh6YFJJYK6Lv9wE/s/Y29EC5e3Uuwd4ZW92HJy/assa-abloy-vostio-access-control-system/sandbox-assa-abloy-vostio-access-control-system
/developer-tools/sandbox-and-sample-data/august-locks-sample-data,https://app.gitbook.com/o/jhFodLh6YFJJYK6Lv9wE/s/Y29EC5e3Uuwd4ZW92HJy/august-locks/august-locks-sample-data
/developer-tools/sandbox-and-sample-data/avigilon-alta-access-system-sample-data,https://app.gitbook.com/o/jhFodLh6YFJJYK6Lv9wE/s/Y29EC5e3Uuwd4ZW92HJy/avigilon-alta-access-system/avigilon-alta-access-system-sample-data
/developer-tools/sandbox-and-sample-data/brivo-access-sample-data,https://app.gitbook.com/o/jhFodLh6YFJJYK6Lv9wE/s/Y29EC5e3Uuwd4ZW92HJy/brivo-access/brivo-access-sample-data
/developer-tools/sandbox-and-sample-data/controlbyweb-relays-sample-data,https://app.gitbook.com/o/jhFodLh6YFJJYK6Lv9wE/s/Y29EC5e3Uuwd4ZW92HJy/controlbyweb-relays/controlbyweb-relays-sample-data
/developer-tools/sandbox-and-sample-data/doorking-sample-data,https://app.gitbook.com/o/jhFodLh6YFJJYK6Lv9wE/s/Y29EC5e3Uuwd4ZW92HJy/doorking-callboxes/doorking-sample-data
/developer-tools/sandbox-and-sample-data/sandbox-dormakaba-ambiance-access-control-system,https://app.gitbook.com/o/jhFodLh6YFJJYK6Lv9wE/s/Y29EC5e3Uuwd4ZW92HJy/dormakaba-ambiance-access-control-system/sandbox-dormakaba-ambiance-access-control-system
/developer-tools/sandbox-and-sample-data/sandbox-dormakaba-community-access-control-system,https://app.gitbook.com/o/jhFodLh6YFJJYK6Lv9wE/s/Y29EC5e3Uuwd4ZW92HJy/dormakaba-community-access-control-system/sandbox-dormakaba-community-access-control-system
/developer-tools/sandbox-and-sample-data/dormakaba-oracode-sample-data,https://app.gitbook.com/o/jhFodLh6YFJJYK6Lv9wE/s/Y29EC5e3Uuwd4ZW92HJy/dormakaba-oracode-locks/dormakaba-oracode-sample-data
/developer-tools/sandbox-and-sample-data/ecobee-sample-data,https://app.gitbook.com/o/jhFodLh6YFJJYK6Lv9wE/s/Y29EC5e3Uuwd4ZW92HJy/ecobee-thermostats/ecobee-sample-data
/developer-tools/sandbox-and-sample-data/genie-sample-data,https://app.gitbook.com/o/jhFodLh6YFJJYK6Lv9wE/s/Y29EC5e3Uuwd4ZW92HJy/genie-garage-openers/genie-sample-data
/developer-tools/sandbox-and-sample-data/google-nest-thermostats-sample-data,https://app.gitbook.com/o/jhFodLh6YFJJYK6Lv9wE/s/Y29EC5e3Uuwd4ZW92HJy/google-nest-thermostats/google-nest-thermostats-sample-data
/developer-tools/sandbox-and-sample-data/sandbox-honeywell-thermostats,https://app.gitbook.com/o/jhFodLh6YFJJYK6Lv9wE/s/Y29EC5e3Uuwd4ZW92HJy/honeywell-thermostats/sandbox-honeywell-thermostats
/developer-tools/sandbox-and-sample-data/sandbox-hotek-access-control-system,https://app.gitbook.com/o/jhFodLh6YFJJYK6Lv9wE/s/Y29EC5e3Uuwd4ZW92HJy/hotek-access-control-system/sandbox-hotek-access-control-system
/developer-tools/sandbox-and-sample-data/igloohome-sample-data,https://app.gitbook.com/o/jhFodLh6YFJJYK6Lv9wE/s/Y29EC5e3Uuwd4ZW92HJy/igloohome-locks/igloohome-sample-data
/developer-tools/sandbox-and-sample-data/sandbox-keynest-lockers,https://app.gitbook.com/o/jhFodLh6YFJJYK6Lv9wE/s/Y29EC5e3Uuwd4ZW92HJy/keynest-key-lockers/sandbox-keynest-lockers
/developer-tools/sandbox-and-sample-data/kwikset-locks-sample-data,https://app.gitbook.com/o/jhFodLh6YFJJYK6Lv9wE/s/Y29EC5e3Uuwd4ZW92HJy/kwikset-locks/kwikset-locks-sample-data
/developer-tools/sandbox-and-sample-data/sandbox-latch-access-control-system,https://app.gitbook.com/o/jhFodLh6YFJJYK6Lv9wE/s/Y29EC5e3Uuwd4ZW92HJy/latch-access-control-system/sandbox-latch-access-control-system
/developer-tools/sandbox-and-sample-data/linear-sample-data,https://app.gitbook.com/o/jhFodLh6YFJJYK6Lv9wE/s/Y29EC5e3Uuwd4ZW92HJy/linear-callboxes/linear-sample-data
/developer-tools/sandbox-and-sample-data/lockly-lock-sample-data,https://app.gitbook.com/o/jhFodLh6YFJJYK6Lv9wE/s/Y29EC5e3Uuwd4ZW92HJy/lockly-locks/lockly-lock-sample-data
/developer-tools/sandbox-and-sample-data/minut-noise-sensor-sample-data,https://app.gitbook.com/o/jhFodLh6YFJJYK6Lv9wE/s/Y29EC5e3Uuwd4ZW92HJy/minut-sensors/minut-noise-sensor-sample-data
/developer-tools/sandbox-and-sample-data/noiseaware-sample-data,https://app.gitbook.com/o/jhFodLh6YFJJYK6Lv9wE/s/Y29EC5e3Uuwd4ZW92HJy/noiseaware-sensors/noiseaware-sample-data
/developer-tools/sandbox-and-sample-data/nuki-sample-data,https://app.gitbook.com/o/jhFodLh6YFJJYK6Lv9wE/s/Y29EC5e3Uuwd4ZW92HJy/nuki-locks/nuki-sample-data
/developer-tools/sandbox-and-sample-data/pti-storlogix-cloud-sample-data,https://app.gitbook.com/o/jhFodLh6YFJJYK6Lv9wE/s/Y29EC5e3Uuwd4ZW92HJy/pti-storlogix-cloud/pti-storlogix-cloud-sample-data
/developer-tools/sandbox-and-sample-data/sandbox-salto-ks-access-control-system,https://app.gitbook.com/o/jhFodLh6YFJJYK6Lv9wE/s/Y29EC5e3Uuwd4ZW92HJy/salto-ks-access-control-system/sandbox-salto-ks-access-control-system
/developer-tools/sandbox-and-sample-data/sandbox-salto-ks-locks,https://app.gitbook.com/o/jhFodLh6YFJJYK6Lv9wE/s/Y29EC5e3Uuwd4ZW92HJy/salto-locks/sandbox-salto-ks-locks
/developer-tools/sandbox-and-sample-data/sandbox-salto-space-access-control-system,https://app.gitbook.com/o/jhFodLh6YFJJYK6Lv9wE/s/Y29EC5e3Uuwd4ZW92HJy/salto-proaccess-space-access-system/sandbox-salto-space-access-control-system
/developer-tools/sandbox-and-sample-data/schlage-encode-sample-data,https://app.gitbook.com/o/jhFodLh6YFJJYK6Lv9wE/s/Y29EC5e3Uuwd4ZW92HJy/schlage-locks/schlage-encode-sample-data
/developer-tools/sandbox-and-sample-data/seam-bridge-sample-data,https://app.gitbook.com/o/jhFodLh6YFJJYK6Lv9wE/s/Y29EC5e3Uuwd4ZW92HJy/seam-bridge/seam-bridge-sample-data
/developer-tools/sandbox-and-sample-data/sandbox-sensi-thermostats,https://app.gitbook.com/o/jhFodLh6YFJJYK6Lv9wE/s/Y29EC5e3Uuwd4ZW92HJy/sensi-thermostats/sandbox-sensi-thermostats
/developer-tools/sandbox-and-sample-data/smartthings-sample-data,https://app.gitbook.com/o/jhFodLh6YFJJYK6Lv9wE/s/Y29EC5e3Uuwd4ZW92HJy/smartthings-hubs-+-devices/smartthings-sample-data
/developer-tools/sandbox-and-sample-data/sandbox-tedee-locks,https://app.gitbook.com/o/jhFodLh6YFJJYK6Lv9wE/s/Y29EC5e3Uuwd4ZW92HJy/tedee-locks/sandbox-tedee-locks
/developer-tools/sandbox-and-sample-data/ttlock-sample-data,https://app.gitbook.com/o/jhFodLh6YFJJYK6Lv9wE/s/Y29EC5e3Uuwd4ZW92HJy/ttlock-locks/ttlock-sample-data
/developer-tools/sandbox-and-sample-data/wyze-sample-data,https://app.gitbook.com/o/jhFodLh6YFJJYK6Lv9wE/s/Y29EC5e3Uuwd4ZW92HJy/wyze-locks/wyze-sample-data
/developer-tools/sandbox-and-sample-data/yale-sample-data,https://app.gitbook.com/o/jhFodLh6YFJJYK6Lv9wE/s/Y29EC5e3Uuwd4ZW92HJy/yale-locks/yale-sample-data
